TotalRepresentativeDays,AnnualObjective_Yuan,AnnualGridEnergy_MWh,AnnualGasEnergy_MWhth,AnnualCarbonEmission_tCO2,AnnualCarbonQuota_tCO2,AnnualCarbonBuyMarket_tCO2,AnnualCarbonSellMarket_tCO2,AnnualCarbonTradeAbs_tCO2,AnnualRenewableAvailable_MWh,AnnualRenewableUse_MWh,AnnualRenewableCurtailment_MWh,AnnualRenewableUseRate_percent,AnnualH2Shortage_kg
365,7550138.41698391,2882.02256619282,22704.5348569688,10714.1484647432,14409.6226852048,0,3695.4742204617,2260.44622498905,36384.0273320314,34951.0746104251,1432.95272160631,96.061588486262,2555.00010625154
365,7550494.8768956,2799.78563628399,22786.8638799558,10652.8966485414,14409.6226852048,0,3756.72603666348,9.14323436503398e-08,36384.0273320314,34951.0746844893,1432.95264754212,96.0615886898243,2555
